iteration,J
0,1.159326203020522
1,3.4353404361290982
2,3.435666293462324
3,3.4356665298336084
4,3.4356665299301454
5,3.4356665299301694
