iteration,J
0,3.479013266624453
1,5.507076530349596
2,5.508091484402602
3,5.508092511737297
4,5.50809251250836
5,5.508092512508745
