iteration,J_red,J_blue
0,1.0548780431821303,2.153750571382515
1,-1.2384385344146427,-1.95353607340839
2,-1.2384385344146427,-1.95353607340839
3,-1.2384385344146427,-1.95353607340839
4,-1.2384385344146427,-1.95353607340839
5,-1.2384385344146427,-1.95353607340839
