iteration,J
0,0.00981357734703841
1,-15.960141574309226
2,-15.960141574309226
3,-15.960141574309226
4,-15.960141574309226
5,-15.960141574309226
