iteration,J
0,0.016401307413871212
1,-1.1832533292105203
2,-1.1832533292105203
3,-1.1832533292105203
4,-1.1832533292105203
5,-1.1832533292105203
