iteration,J
0,13.084769796051214
1,33.18044197660129
2,35.24761826610418
3,35.183854520528996
4,35.23102586281314
5,35.22133566099345
