iteration,J
0,0.01471271048128385
1,-15.161839521396711
2,-15.161839521396711
3,-15.161839521396711
4,-15.161839521396711
5,-15.161839521396711
