iteration,J_red,J_blue
0,26.490900818166562,24.093953370152434
1,27.3950091690855,7.37876147837674
2,47.73005524511315,14.084511663598537
3,25.343250163199567,30.578905073017324
4,47.43770451108861,8.704315294151185
5,30.433429541051424,24.058038256270756
6,47.15578340022644,13.436228644012072
