repo,nodes,J0,J_final,red_degree_classes,J_red_final,J_blue_final
OpinionMalware_TIFS_2025_Code,20.0,1.159326203020522,3.4356665299301694,,,
PropagandaWar_TIFS_2024_Code,,,,7.0,24.048020701919,28.164379157114844
Propaganda_TCSS_2025_Code,4.0,13.084769796051214,35.22133566099345,,,
