model_level,nodes,fbs_seconds_median,fbs_seconds_min,fbs_seconds_max,total_seconds_median,fbs_iterations_median,state_dimension_median,degree_classes_median,converged_runs,repeats,all_runs_converged
degree,100,0.8328904590016464,0.7594470000040019,0.8983013329998357,0.8332470430032117,21.0,17.0,17.0,3.0,3,True
degree,200,0.9796434999880148,0.9362701670033857,1.1688607499963837,0.9802544999838574,21.0,22.0,22.0,3.0,3,True
degree,300,0.9547503329959,0.9282422499964014,1.0384032910078531,0.9555533740058308,21.0,24.0,24.0,3.0,3,True
degree,500,1.285943374998169,1.2502927919995273,1.3333816250087693,1.2872209169872804,21.0,30.0,30.0,3.0,3,True
degree,1000,1.8809339589934098,1.4927019589958945,2.286344416992506,1.8837050839938456,21.0,38.0,38.0,3.0,3,True
